Participant-ID,Treatment,Problem-ID,Correctness_Problem_Identification,Correctness_Metrics_Affected,Correctness_Identified_Solution,Correctness_Applied_Solution,Correctness_Extension_Axes
P01,human,DP_AF1,7,8,10,0,0
P05,human,DP_AF1,7,8,7,0,8
P10,human,DP_AF1,7,8,2,2,0
P04,human,DP_AF1,3,0,10,6,8
P09,human,DP_AF1,C,0,0,0,0
P02,GenAI,DP_AF2,5,3,10,10,10
P03,GenAI,DP_AF2,9,10,8,10,9
P06,GenAI,DP_AF2,5,3,3,7,5
P08,GenAI,DP_AF2,3,3,3,10,3
P07,GenAI,DP_AF2,3,8,10,10,3
P01,GenAI,DP_AF2,3,4,0,8,8
P09,GenAI,DP_AF2,8,8,7,8,10
P10,GenAI,DP_AF2,5,3,3,5,5
P04,GenAI,DP_AF2,8,3,10,10,5
P05,GenAI,DP_AF2,5,5,2,6,8
P02,human,DP_AF1,0,2,10,10,0
P03,human,DP_AF1,8,10,8,0,10
P06,human,DP_AF1,8,7,6,5,10
P08,human,DP_AF1,7,5,5,7,8
P07,human,DP_AF1,7,7,10,10,10
P01,GenAI,DP_BR1,5,7,7,10,10
P05,GenAI,DP_BR1,6,6,8,10,10
P09,GenAI,DP_BR1,5,8,8,10,10
P04,GenAI,DP_BR1,5,7,8,10,2
P10,GenAI,DP_BR1,5,3,2,2,0
P03,human,DP_BR2,10,10,8,10,10
P08,human,DP_BR2,10,10,8,10,10
P06,human,DP_BR2,8,10,3,10,10
P07,human,DP_BR2,8,10,5,0,10
P02,human,DP_BR2,10,0,0,8,10
P05,human,DP_BR2,10,10,8,10,10
P01,human,DP_BR2,5,8,0,8,10
P09,human,DP_BR2,0,0,0,0,0
P10,human,DP_BR2,0,7,8,8,10
P04,human,DP_BR2,3,3,8,10,10
P03,GenAI,DP_BR1,5,3,8,8,10
P08,GenAI,DP_BR1,8,7,3,7,0
P06,GenAI,DP_BR1,0,0,0,0,0
P07,GenAI,DP_BR1,0,7,5,8,10
P02,GenAI,DP_BR1,5,2,8,10,10
P09,human,DP_TEM1,0,0,0,0,0
P05,human,DP_TEM1,8,8,3,5,8
P01,human,DP_TEM1,8,10,7,10,7
P04,human,DP_TEM1,10,5,10,10,10
P10,human,DP_TEM1,5,8,10,10,10
P02,GenAI,DP_TEM2,10,5,8,10,10
P03,GenAI,DP_TEM2,5,5,6,10,10
P08,GenAI,DP_TEM2,6,6,5,8,0
P06,GenAI,DP_TEM2,5,7,4,3,10
P07,GenAI,DP_TEM2,7,7,8,10,10
P05,GenAI,DP_TEM2,3,3,8,10,10
P09,GenAI,DP_TEM2,3,3,10,10,10
P01,GenAI,DP_TEM2,0,0,0,0,0
P04,GenAI,DP_TEM2,10,10,10,10,8
P10,GenAI,DP_TEM2,10,5,5,10,6
P03,human,DP_TEM1,10,10,8,2,2
P08,human,DP_TEM1,7,3,8,0,6
P06,human,DP_TEM1,7,8,4,10,10
P07,human,DP_TEM1,3,2,7,2,3
P02,human,DP_TEM1,8,8,0,10,10
P09,GenAI,PR_OCP1,8,8,8,10,10
P01,GenAI,PR_OCP1,9,9,0,9,2
P05,GenAI,PR_OCP1,8,7,6,9,8
P04,GenAI,PR_OCP1,9,9,0,7,9
P10,GenAI,PR_OCP1,7,8,8,10,10
P02,human,PR_OCP2,10,2,0,7,2
P03,human,PR_OCP2,2,5,2,2,2
P08,human,PR_OCP2,8,2,10,10,5
P06,human,PR_OCP2,8,8,6,10,10
P07,human,PR_OCP2,9,8,0,8,10
P09,human,PR_OCP2,0,0,0,0,0
P01,human,PR_OCP2,8,8,5,3,10
P05,human,PR_OCP2,10,10,7,10,7
P04,human,PR_OCP2,10,10,0,2,2
P10,human,PR_OCP2,9,6,10,10,10
P03,GenAI,PR_OCP1,10,10,10,10,10
P08,GenAI,PR_OCP1,6,6,6,10,10
P07,GenAI,PR_OCP1,7,6,10,10,8
P06,GenAI,PR_OCP1,3,3,4,10,10
P02,GenAI,PR_OCP1,6,7,7,10,10
P09,human,PR_SRP1,0,0,0,0,0
P05,human,PR_SRP1,8,10,10,4,2
P04,human,PR_SRP1,6,0,0,4,2
P01,human,PR_SRP1,5,5,2,4,2
P10,human,PR_SRP1,0,2,2,2,2
P03,GenAI,PR_SRP2,4,8,10,10,8
P06,GenAI,PR_SRP2,3,3,2,2,4
P08,GenAI,PR_SRP2,3,3,8,10,10
P07,GenAI,PR_SRP2,3,4,10,10,10
P02,GenAI,PR_SRP2,10,10,0,3,5
P09,GenAI,PR_SRP2,4,3,3,9,2
P05,GenAI,PR_SRP2,3,5,2,6,3
P04,GenAI,PR_SRP2,3,3,0,5,2
P01,GenAI,PR_SRP2,8,7,8,10,10
P10,GenAI,PR_SRP2,5,3,2,10,10
P03,human,PR_SRP1,7,7,10,10,10
P08,human,PR_SRP1,6,8,2,6,10
P06,human,PR_SRP1,3,3,5,6,8
P07,human,PR_SRP1,0,4,0,5,5
P02,human,PR_SRP1,5,5,3,8,5
